item,qty,spec,supplier,unit_cost_usd,make_buy,notes
1 Ground drive wheel,1,"300 mm (12 in) diameter over the lugs: steel disc wheel with a 45 mm wide flat rim and a plain 16 mm bore hub, no bearings, fixed to the axle with an M6 cross bolt; 18 lugs bent from 25 x 3 mm strip (15 mm foot, 10 mm upstand, 45 mm long), two M5 countersunk screws each; 16 mm (5/8 in) steel axle 177 mm; two pressed-steel two-bolt flange bearings for a 16 mm shaft; two spacer tubes 21 x 2.5 mm, 38 mm long",Hand-truck or trolley wheel supplier; flat bar and round bar from a steel stockist; bearings from a bearing supplier,30.00,buy,"Estimate for TRL 3; the axle turns in the flange bearings and drives the sprocket (SDL-DDR-003, P2)"
2 Chain drive,1,"#35 (3/8 in pitch) sprockets with hubs and set screws: 15 T bored 16 mm for the wheel axle and 15 T bored 12 mm for the plate shaft (ratio 1.0); about 0.75 m of #35 chain (76 links with two connecting links); spring-loaded #35 chain tensioner (go-kart class) with a 10 T idler sprocket, about 45 mm of take-up, on an M8 pivot bolt",Power transmission or go-kart parts supplier,38.00,buy,"Estimate: hubbed sprockets about $9 each, tensioner about $12; the 12 and 18 T wheel sprockets are in the optional ratio kit, line 16 (SDL-DDR-002)"
3 Chain guard,1,"Printed PETG shroud (band and outboard face plate, about 180 g) enclosing both sprockets, the chain and the tensioner's travel; two 8 mm spacer tubes and M5 screws into tapped holes in the chain-side drop plate and the bearing plate",Local FDM print and hardware shop,6.00,make,Material estimate; must be fitted in use
4 Seed hopper,1,"2.4 L, 170 x 120 mm top, funnel to a 60 x 30 mm throat with a 12 mm straight neck that drops into the housing collar, 3 mm walls (about 360 g PETG) with four side bosses, eight M5 heat-set inserts; 2 mm printed lid",Local FDM print,9.00,make,Material estimate from the model volume
5 Metering housing shaft and bearings,1,"Printed PETG housing (about 370 g) with feed collar, outlet spigot, brush slot and two side lugs; clear 3 mm polycarbonate side door with two M4 thumb screws; 12 mm steel shaft 110 mm with a D-flat and an M6 tapped end; two pressed-steel two-bolt flange bearings for 12 mm; 12 mm shaft collar; printed plate knob with an M6 stud; 4 mm steel bearing plate is line 12",Bearing supplier and local FDM print,23.00,buy,Estimate: bearings about $4 each
6 Printed seed plates,6,"120 mm diameter, 6 to 10 mm thick, 1 to 36 rim cells sized to the seed, with a 20 mm hub on the chain side (cad/src/model.py make_plate); about 40 to 54 g PETG each plus about 4 g for the hub (SDL-CAL-001 section 4)",Local FDM print,1.25,make,Filament at about $25/kg plus 10 % waste; starter set of six crops; printer time not costed
7 Singulator brush,1,"Nylon strip brush about 8 mm wide and 35 mm long on a printed holder screwed to the housing's rear wall with two M4 screws in slotted holes (adjustable gap)",Industrial brush or hardware supplier,5.00,buy,Estimate; wear part
8 Seed drop tube,1,"20 mm OD, 16 mm bore PVC or PE tube, 95 mm, sliding on the housing spigot and resting on the boot",Hardware shop,3.00,buy,Estimate
9 Furrow opener,1,"Shank of 20 x 12 mm steel flat bar 305 mm, front-bottom corner chamfered, eight M6 tapped holes in its front face at 10 mm pitch for the depth setting; two boot side plates of 3 mm steel 70 x 80 mm; rear spacer and M6 bolts",Local fabricator or own workshop,12.00,make,"Estimate for material and labor; clamped to the opener cross member (line 12) by two M6 bolts"
10 Covering chains,1,"Two 250 mm lengths of 3 to 4 mm light chain on a bracket of 25 x 25 x 3 mm angle, 40 mm long, bolted to the middle cross member",Hardware shop,6.00,buy,Estimate
11 Press wheel,1,"200 mm diameter, 70 mm wide concave rubber tread on two bearings with an inner spacer tube, 16 mm bore; 16 mm axle bolt with nuts and washers; two spacer tubes 21 x 2.5 mm, 37.5 mm long",Trolley wheel or caster supplier,17.00,buy,Estimate; the clamped axle also ties the rails at the rear (SDL-DDR-003)
12 Steel frame,1,"Bolted (decided, SDL-DDR-001): two rails of 25 x 25 x 1.5 mm square tube 700 mm; middle cross member 25 x 25 x 1.5 mm, 95 mm; opener cross member 40 x 20 x 1.5 mm rectangular tube, 95 mm; four corner clips of 25 x 25 x 3 mm angle, 25 mm; four 4 mm axle drop plates (front 50 x 117.5 mm, rear 50 x 147.5 mm); 4 mm bearing plate 90 x 87.5 mm; four hopper uprights of 20 x 3 mm flat bar 292.5 mm; drilled and tapped for M5, M6 and M8",Local steel stockist; cutting and drilling in a local workshop,30.00,make,Estimate including about 1.5 h of workshop time
13 Handle,1,"Four 22 x 1.2 mm round steel tubes (two lower, two upper, about 0.5 m each; SDL-DDR-002), lower ends flattened and bolted to the rear drop plates with two M8 bolts each, upper ends flattened and bolted to the cross grip; two 250 mm sleeves of 25 x 1.2 mm tube with pins for 850 to 1050 mm grip height; 18 x 1.5 mm brace; 22 x 1.2 mm cross grip 594 mm with rubber grips",Local steel stockist,14.00,make,Estimate; lighter tube saves about 0.7 kg (SDL-CAL-001 section 5)
14 Row marker arm (row-spacing kit),1,"Mount plate of 3 mm steel 50 x 40 mm with two clevis lugs, bolted to the front of the chain-side rail; telescoping arm of 20 x 1.2 and 16 x 1.2 mm tube, 200 to 900 mm reach, pivoting on an M8 pin to fold up; 140 mm marker disc of 2 mm steel on a hub",Local fabricator,24.00,make,Optional kit; estimate
15 Fasteners and consumables,1,"About 50 M6 and M8 bolt sets with nuts and washers, 36 M5 countersunk lug screws with nuts, M4 and M5 screws, eight M5 and two M4 heat-set inserts, pins, threadlocker, grease, paint",Local hardware shop,19.00,buy,Estimate; no exploded-view callout
16 Optional ratio kit,1,"12 T and 18 T #35 wheel sprockets with hubs bored 16 mm (ratio 0.8 and 1.2), one offset link and a spare connecting link for the 74- and 77-link chain lengths",Power transmission supplier (industrial or online),18.00,buy,"Optional kit (SDL-DDR-002 item 4); hubbed sprockets now (SDL-DDR-003); needed for spacings the 15 T cannot reach, including 25 mm pelleted seed and 400 mm; no exploded-view callout"
